like1,par1,par2,par3,par4,par5,par6,par7,par8
1.3295496828514353,0.38054070834575005,-0.9345385986830275,-0.8779962989297989,10.045088531956727,0.0204,0.8046874104034469,0.0679,0.000522
1.3295496828514353,0.38054070834575005,-0.9345385986830275,-0.8779962989297989,10.045088531956727,0.0204,0.8046874104034469,0.0679,0.000522
1.2333917171086286,0.28303182408362737,-1.0809399220958693,-1.017022223165821,29.018649648365376,0.0204,0.999,0.0679,0.04192115015375234
1.2160997462309815,0.24378236722136748,-1.0656391842496082,-1.0221771912825062,39.7,0.0204,0.999,0.0679,0.000522
1.2160997462309815,0.24378236722136748,-1.0656391842496082,-1.0221771912825062,39.7,0.0204,0.999,0.0679,0.000522
1.2160997462309815,0.24378236722136748,-1.0656391842496082,-1.0221771912825062,39.7,0.0204,0.999,0.0679,0.000522
1.2160997462309815,0.24378236722136748,-1.0656391842496082,-1.0221771912825062,39.7,0.0204,0.999,0.0679,0.000522
1.213115965623436,0.231760150232538,-1.1562550028966134,-1.096624297235342,31.23666592474461,0.0204,0.9014869141673822,0.0679,0.000522
1.213115965623436,0.231760150232538,-1.1562550028966134,-1.096624297235342,31.23666592474461,0.0204,0.9014869141673822,0.0679,0.000522
1.2062475292059895,0.22664561203567943,-1.1701498561900374,-1.115791448373698,29.88486275317007,0.0204,0.8720383297334079,0.0679,0.000522
1.2062475292059895,0.22664561203567943,-1.1701498561900374,-1.115791448373698,29.88486275317007,0.0204,0.8720383297334079,0.0679,0.000522
1.1729675992760924,0.316287264656145,-1.1197975815130143,-1.0454491251766802,29.163736218519794,0.0204,0.6252426580937562,0.0679,0.10556374362243054
1.1729675992760924,0.316287264656145,-1.1197975815130143,-1.0454491251766802,29.163736218519794,0.0204,0.6252426580937562,0.0679,0.10556374362243054
1.1694644489759398,0.27222095633025145,-1.152633651406567,-1.0869528288811994,21.079313312860727,0.0204,0.689789978021526,0.0679,0.04194263743849133
1.1638840603524583,0.20184801311857967,-1.2252490146205055,-1.1630297981908173,14.417887108131042,0.0204,0.6717065792108313,17.789430798477873,0.000522
1.1535701237268752,0.2383451962402145,-1.2308606593503268,-1.1608758160922,21.4100244521445,0.0204,0.41548849447469416,12.638346257096783,0.000522
1.1535701237268752,0.2383451962402145,-1.2308606593503268,-1.1608758160922,21.4100244521445,0.0204,0.41548849447469416,12.638346257096783,0.000522
1.1535701237268752,0.2383451962402145,-1.2308606593503268,-1.1608758160922,21.4100244521445,0.0204,0.41548849447469416,12.638346257096783,0.000522
1.1419365446500174,0.24196498404508368,-1.2374212590831246,-1.1611294668316827,22.090704111140994,0.0204,0.46368946813160394,18.821744080192275,0.000522
1.1419365446500174,0.24196498404508368,-1.2374212590831246,-1.1611294668316827,22.090704111140994,0.0204,0.46368946813160394,18.821744080192275,0.000522
1.1416840256620056,0.25119711702225234,-1.2383275085613108,-1.1577835186325631,18.76835409888787,0.0204,0.5151452871639749,18.870548828688126,0.000522
1.1416840256620056,0.25119711702225234,-1.2383275085613108,-1.1577835186325631,18.76835409888787,0.0204,0.5151452871639749,18.870548828688126,0.000522
1.1416840256620056,0.25119711702225234,-1.2383275085613108,-1.1577835186325631,18.76835409888787,0.0204,0.5151452871639749,18.870548828688126,0.000522
1.1335748428435521,0.23937360352859738,-1.2366225585228503,-1.1613157142666395,18.475219235168556,0.0204,0.5626410250614824,19.63755272615507,0.000522
1.1335748428435521,0.23937360352859738,-1.2366225585228503,-1.1613157142666395,18.475219235168556,0.0204,0.5626410250614824,19.63755272615507,0.000522
1.1335748428435521,0.23937360352859738,-1.2366225585228503,-1.1613157142666395,18.475219235168556,0.0204,0.5626410250614824,19.63755272615507,0.000522
1.1297225301463325,0.2325567035844629,-1.2467522278563554,-1.1725119495534244,18.21068880139942,0.0204,0.579757995882158,22.34255001701012,0.000522
1.1297225301463325,0.2325567035844629,-1.2467522278563554,-1.1725119495534244,18.21068880139942,0.0204,0.579757995882158,22.34255001701012,0.000522
1.1267809917535314,0.21552618078224642,-1.274507261719757,-1.2008835155716644,22.60966975318073,0.0204,0.5218460367995787,45.37254390137965,0.000522
1.1239409154075861,0.18415380974802575,-1.3044925927332287,-1.23737190980729,13.56954556576869,0.0204,0.6175450400835677,71.97979081240265,0.000522
1.1239409154075861,0.18415380974802575,-1.3044925927332287,-1.23737190980729,13.56954556576869,0.0204,0.6175450400835677,71.97979081240265,0.000522
1.1198982391844219,0.2011028616450235,-1.3081290630050357,-1.2366843621920331,21.074065876137013,0.0204,0.5315345145924717,73.63361202362313,0.0010934127518911763
1.1198982391844219,0.2011028616450235,-1.3081290630050357,-1.2366843621920331,21.074065876137013,0.0204,0.5315345145924717,73.63361202362313,0.0010934127518911763
1.1065607193820197,0.1684756040587298,-1.3482188307315917,-1.282059366089446,13.494621720466974,0.0204,0.5049659275437406,86.86179134987452,0.0006093901163518128
1.1065607193820197,0.1684756040587298,-1.3482188307315917,-1.282059366089446,13.494621720466974,0.0204,0.5049659275437406,86.86179134987452,0.0006093901163518128
1.0972489988108969,0.1719350035911122,-1.363123157776999,-1.2931267738499688,16.38814473096443,0.0204,0.4518293800066135,49.98506846287326,0.0005294898982568079
1.0972489988108969,0.1719350035911122,-1.363123157776999,-1.2931267738499688,16.38814473096443,0.0204,0.4518293800066135,49.98506846287326,0.0005294898982568079
1.0972489988108969,0.1719350035911122,-1.363123157776999,-1.2931267738499688,16.38814473096443,0.0204,0.4518293800066135,49.98506846287326,0.0005294898982568079
1.0972489988108969,0.1719350035911122,-1.363123157776999,-1.2931267738499688,16.38814473096443,0.0204,0.4518293800066135,49.98506846287326,0.0005294898982568079
1.0972489988108969,0.1719350035911122,-1.363123157776999,-1.2931267738499688,16.38814473096443,0.0204,0.4518293800066135,49.98506846287326,0.0005294898982568079
1.0972489988108969,0.1719350035911122,-1.363123157776999,-1.2931267738499688,16.38814473096443,0.0204,0.4518293800066135,49.98506846287326,0.0005294898982568079
1.0972489988108969,0.1719350035911122,-1.363123157776999,-1.2931267738499688,16.38814473096443,0.0204,0.4518293800066135,49.98506846287326,0.0005294898982568079
1.0972489988108969,0.1719350035911122,-1.363123157776999,-1.2931267738499688,16.38814473096443,0.0204,0.4518293800066135,49.98506846287326,0.0005294898982568079
1.0972489988108969,0.1719350035911122,-1.363123157776999,-1.2931267738499688,16.38814473096443,0.0204,0.4518293800066135,49.98506846287326,0.0005294898982568079
1.091438412098312,0.17335301849900134,-1.3810556578735276,-1.307872708521909,15.149078987121475,0.0204,0.4824885586165997,61.85747578052889,0.000522
1.0866197035066658,0.17163991920295363,-1.4554288913163158,-1.3643507962135437,12.493723127818328,0.0204,0.5489177303836862,1.5194508590999618,0.000522
1.0798864652137197,0.15964048135811823,-1.5149892690265983,-1.4153289615623441,10.70823201138619,0.0204,0.5377500988289005,59.731454538063744,0.000522
1.0798864652137197,0.15964048135811823,-1.5149892690265983,-1.4153289615623441,10.70823201138619,0.0204,0.5377500988289005,59.731454538063744,0.000522
1.0798864652137197,0.15964048135811823,-1.5149892690265983,-1.4153289615623441,10.70823201138619,0.0204,0.5377500988289005,59.731454538063744,0.000522
1.0798864652137197,0.15964048135811823,-1.5149892690265983,-1.4153289615623441,10.70823201138619,0.0204,0.5377500988289005,59.731454538063744,0.000522
1.0798864652137197,0.15964048135811823,-1.5149892690265983,-1.4153289615623441,10.70823201138619,0.0204,0.5377500988289005,59.731454538063744,0.000522
1.0707482939568311,0.13654622861760884,-1.4976099886888683,-1.4219879065636811,8.859072613909827,0.0204,0.565069834995092,0.0679,0.0005260250519970651
1.065663008840069,0.1396379476186986,-1.5210209752450672,-1.4378853144059027,8.953227341205494,0.0204,0.6007124716756447,0.0679,0.000522
1.06471966817184,0.14717234248102687,-1.5267252998624754,-1.436746726718727,9.629176516197422,0.0204,0.575517958085804,48.89591155830144,0.000522
1.06471966817184,0.14717234248102687,-1.5267252998624754,-1.436746726718727,9.629176516197422,0.0204,0.575517958085804,48.89591155830144,0.000522
1.06471966817184,0.14717234248102687,-1.5267252998624754,-1.436746726718727,9.629176516197422,0.0204,0.575517958085804,48.89591155830144,0.000522
1.06471966817184,0.14717234248102687,-1.5267252998624754,-1.436746726718727,9.629176516197422,0.0204,0.575517958085804,48.89591155830144,0.000522
1.06471966817184,0.14717234248102687,-1.5267252998624754,-1.436746726718727,9.629176516197422,0.0204,0.575517958085804,48.89591155830144,0.000522
1.0602752549688275,0.1463522097095286,-1.5245744303506996,-1.4345968654854735,9.273838949261478,0.0204,0.5725907072156805,110.72223160122059,0.000522
1.0601418731270065,0.12356055675039117,-1.5538671340908556,-1.4733632053057133,8.013657780292863,0.0204,0.6058256466358175,0.0679,0.0015838445629378097
1.0458571762689945,0.12073236350181638,-1.6015589043788545,-1.5107405167875525,9.894011046005799,0.0204,0.49806577893890136,0.0679,0.0007437556469671679
1.0458571762689945,0.12073236350181638,-1.6015589043788545,-1.5107405167875525,9.894011046005799,0.0204,0.49806577893890136,0.0679,0.0007437556469671679
1.0458571762689945,0.12073236350181638,-1.6015589043788545,-1.5107405167875525,9.894011046005799,0.0204,0.49806577893890136,0.0679,0.0007437556469671679
1.0444739818555087,0.11995611824924239,-1.571261643849496,-1.4912243042962905,9.877146730432376,0.0204,0.4642712586058179,0.0679,0.0007063763009821804
1.0444739818555087,0.11995611824924239,-1.571261643849496,-1.4912243042962905,9.877146730432376,0.0204,0.4642712586058179,0.0679,0.0007063763009821804
1.044430932593497,0.10828131494732962,-1.5799732313971944,-1.507542215554559,11.00608557922313,0.0204,0.43862546610603736,0.0679,0.0007006636483995654
1.0403599596520472,0.11327547696676765,-1.6271541956360345,-1.5355734306360478,7.349418408206689,0.0204,0.5492305011937233,42.310216191356645,0.0006450361969254528
1.0341920939175981,0.10665926497086732,-1.7174771024552449,-1.6089279444525943,7.119329143014513,0.0204,0.5181097268377794,62.093620530085126,0.000698752000949776
1.0341920939175981,0.10665926497086732,-1.7174771024552449,-1.6089279444525943,7.119329143014513,0.0204,0.5181097268377794,62.093620530085126,0.000698752000949776
1.0341920939175981,0.10665926497086732,-1.7174771024552449,-1.6089279444525943,7.119329143014513,0.0204,0.5181097268377794,62.093620530085126,0.000698752000949776
1.0252008599642997,0.10813126952724289,-1.7191783827305314,-1.6128997397002218,7.233520073330407,0.0204,0.5239119753770841,60.71940270534865,0.0006941598686384941
1.0252008599642997,0.10813126952724289,-1.7191783827305314,-1.6128997397002218,7.233520073330407,0.0204,0.5239119753770841,60.71940270534865,0.0006941598686384941
1.0252008599642997,0.10813126952724289,-1.7191783827305314,-1.6128997397002218,7.233520073330407,0.0204,0.5239119753770841,60.71940270534865,0.0006941598686384941
1.0233349879843376,0.10643273833830721,-1.7251534530128168,-1.6186024773898748,7.2264172275275556,0.0204,0.5239814575940829,59.7421873955426,0.0006895598554042373
1.0233349879843376,0.10643273833830721,-1.7251534530128168,-1.6186024773898748,7.2264172275275556,0.0204,0.5239814575940829,59.7421873955426,0.0006895598554042373
1.0233349879843376,0.10643273833830721,-1.7251534530128168,-1.6186024773898748,7.2264172275275556,0.0204,0.5239814575940829,59.7421873955426,0.0006895598554042373
1.0233349879843376,0.10643273833830721,-1.7251534530128168,-1.6186024773898748,7.2264172275275556,0.0204,0.5239814575940829,59.7421873955426,0.0006895598554042373
1.0233349879843376,0.10643273833830721,-1.7251534530128168,-1.6186024773898748,7.2264172275275556,0.0204,0.5239814575940829,59.7421873955426,0.0006895598554042373
1.0195612993662673,0.10238435214931803,-1.7271297771510743,-1.6252057931865023,7.375201113706858,0.0204,0.5270226092394786,77.43411806479337,0.0007201734853254749
1.0195612993662673,0.10238435214931803,-1.7271297771510743,-1.6252057931865023,7.375201113706858,0.0204,0.5270226092394786,77.43411806479337,0.0007201734853254749
1.0195612993662673,0.10238435214931803,-1.7271297771510743,-1.6252057931865023,7.375201113706858,0.0204,0.5270226092394786,77.43411806479337,0.0007201734853254749
1.0195612993662673,0.10238435214931803,-1.7271297771510743,-1.6252057931865023,7.375201113706858,0.0204,0.5270226092394786,77.43411806479337,0.0007201734853254749
1.0195612993662673,0.10238435214931803,-1.7271297771510743,-1.6252057931865023,7.375201113706858,0.0204,0.5270226092394786,77.43411806479337,0.0007201734853254749
1.0195612993662673,0.10238435214931803,-1.7271297771510743,-1.6252057931865023,7.375201113706858,0.0204,0.5270226092394786,77.43411806479337,0.0007201734853254749
1.0195612993662673,0.10238435214931803,-1.7271297771510743,-1.6252057931865023,7.375201113706858,0.0204,0.5270226092394786,77.43411806479337,0.0007201734853254749
1.0195612993662673,0.10238435214931803,-1.7271297771510743,-1.6252057931865023,7.375201113706858,0.0204,0.5270226092394786,77.43411806479337,0.0007201734853254749
1.019318952173838,0.10211002181202392,-1.7270168273877626,-1.624023360455256,6.857043464651204,0.0204,0.5276041689660464,81.3367327292325,0.0007208015710745646
1.019318952173838,0.10211002181202392,-1.7270168273877626,-1.624023360455256,6.857043464651204,0.0204,0.5276041689660464,81.3367327292325,0.0007208015710745646
1.019318952173838,0.10211002181202392,-1.7270168273877626,-1.624023360455256,6.857043464651204,0.0204,0.5276041689660464,81.3367327292325,0.0007208015710745646
1.019318952173838,0.10211002181202392,-1.7270168273877626,-1.624023360455256,6.857043464651204,0.0204,0.5276041689660464,81.3367327292325,0.0007208015710745646
1.019318952173838,0.10211002181202392,-1.7270168273877626,-1.624023360455256,6.857043464651204,0.0204,0.5276041689660464,81.3367327292325,0.0007208015710745646
1.019318952173838,0.10211002181202392,-1.7270168273877626,-1.624023360455256,6.857043464651204,0.0204,0.5276041689660464,81.3367327292325,0.0007208015710745646
1.0185778116479411,0.10268952485553172,-1.7270160347494898,-1.6241251617542014,7.099662668603322,0.0204,0.5275604187505047,80.0698216785777,0.0007210438509195537
1.0185778116479411,0.10268952485553172,-1.7270160347494898,-1.6241251617542014,7.099662668603322,0.0204,0.5275604187505047,80.0698216785777,0.0007210438509195537
1.0185778116479411,0.10268952485553172,-1.7270160347494898,-1.6241251617542014,7.099662668603322,0.0204,0.5275604187505047,80.0698216785777,0.0007210438509195537
1.0185778116479411,0.10268952485553172,-1.7270160347494898,-1.6241251617542014,7.099662668603322,0.0204,0.5275604187505047,80.0698216785777,0.0007210438509195537
1.0177771488409975,0.10150182727697725,-1.7298695701067888,-1.6272663146879724,7.064053675318732,0.0204,0.5338045491238937,85.78560668938165,0.0007274473524047872
1.0177771488409975,0.10150182727697725,-1.7298695701067888,-1.6272663146879724,7.064053675318732,0.0204,0.5338045491238937,85.78560668938165,0.0007274473524047872
1.0171877575984667,0.10098693313492664,-1.7307361157566232,-1.6288656172253404,6.9905464545825335,0.0204,0.5311484403960619,87.46172381142792,0.0007301849491915374
1.0170968532543776,0.10077107044740133,-1.7314305763708062,-1.6295248268790388,6.903699636940342,0.0204,0.5319603358407919,90.2471433561437,0.000733832362759696
1.0170968532543776,0.10077107044740133,-1.7314305763708062,-1.6295248268790388,6.903699636940342,0.0204,0.5319603358407919,90.2471433561437,0.000733832362759696
1.0169903483185578,0.10076721495996943,-1.732503336853231,-1.6306761238404905,6.850572194671777,0.0204,0.5353819452194664,83.46576625182934,0.0006257414967528407
1.0168924791403304,0.10080385276706186,-1.7328241133983175,-1.630703645883482,6.901411641860173,0.0204,0.5351170870905798,76.41076401896316,0.0005698771597595046
1.0168299625472415,0.10081368993738128,-1.733620543198079,-1.6311272179911793,6.8872203346570045,0.0204,0.5364554427123105,69.6339676340073,0.000522
1.0168144348035504,0.100818608522541,-1.7340187580979596,-1.631339004045028,6.8801246810554195,0.0204,0.5371246205231759,66.24556944152938,0.000522
1.016810603646191,0.10082106781512086,-1.7342178655479,-1.6314448970719524,6.876576854254627,0.0204,0.5374592094286086,64.55137034529042,0.000522
1.016809671244112,0.10082229746141079,-1.73431741927287,-1.6314978435854146,6.874802940854231,0.0204,0.5376265038813249,63.70427079717094,0.000522
1.0168094508362482,0.10082291228455575,-1.734367196135355,-1.6315243168421456,6.873915984154033,0.0204,0.537710151107683,63.2807210231112,0.000522
1.0167531206782803,0.0996995309730227,-1.7371278109736044,-1.6339514675641973,6.640856997836431,0.0204,0.5438608032904703,64.9748196875692,0.000522
1.0163774002047734,0.0993685259065667,-1.7385285945816809,-1.6357028269863716,6.650216292045358,0.0204,0.539840800457019,63.336428301780806,0.000522
1.0163774002047734,0.0993685259065667,-1.7385285945816809,-1.6357028269863716,6.650216292045358,0.0204,0.539840800457019,63.336428301780806,0.000522
1.0163774002047734,0.0993685259065667,-1.7385285945816809,-1.6357028269863716,6.650216292045358,0.0204,0.539840800457019,63.336428301780806,0.000522
1.016336997932753,0.10000108494637357,-1.7366457800538193,-1.6341731300109095,6.721502285712361,0.0204,0.5408373121257126,63.13202388686355,0.000522
1.016336997932753,0.10000108494637357,-1.7366457800538193,-1.6341731300109095,6.721502285712361,0.0204,0.5408373121257126,63.13202388686355,0.000522
1.0162287341434129,0.09985398080020176,-1.738184867693813,-1.635515417903094,6.800560950011217,0.0204,0.5412752999564531,59.74842717600659,0.000522
1.0162287341434129,0.09985398080020176,-1.738184867693813,-1.635515417903094,6.800560950011217,0.0204,0.5412752999564531,59.74842717600659,0.000522
1.0161115862768026,0.09905559294414991,-1.7381492065985553,-1.6361914060820826,6.834172153967034,0.0204,0.539218459048942,64.75446764955883,0.000522
1.015817408808023,0.09766325001959507,-1.7411767175584105,-1.6403887692758967,6.654689404582452,0.0204,0.5382001318418047,72.16044671766616,0.000522
1.015817408808023,0.09766325001959507,-1.7411767175584105,-1.6403887692758967,6.654689404582452,0.0204,0.5382001318418047,72.16044671766616,0.000522
1.015817408808023,0.09766325001959507,-1.7411767175584105,-1.6403887692758967,6.654689404582452,0.0204,0.5382001318418047,72.16044671766616,0.000522
1.015817408808023,0.09766325001959507,-1.7411767175584105,-1.6403887692758967,6.654689404582452,0.0204,0.5382001318418047,72.16044671766616,0.000522
1.015686010037017,0.09833997805236483,-1.7445493465879045,-1.6425507886185338,6.649686598512257,0.0204,0.5381796936573529,66.92448030619234,0.000522
1.0155303555463828,0.09761110347676318,-1.7438932054766045,-1.642956956985747,6.725218079553674,0.0204,0.5389170959020783,77.43509361728056,0.000522
1.0153316949101385,0.09730281758014568,-1.745061473589493,-1.644089444536976,6.725537799757759,0.0204,0.5385446425159907,80.01612208840834,0.000522
1.0152397910708548,0.09714867463183693,-1.7456456076459372,-1.6446556883125907,6.725697659859802,0.0204,0.5383584158229469,81.30663632397223,0.000522
1.0151839637217128,0.09763454761341486,-1.7454524975846317,-1.6437309853383058,6.693246106322862,0.0204,0.5389354786253583,85.51727092590602,0.000522
1.0151839637217128,0.09763454761341486,-1.7454524975846317,-1.6437309853383058,6.693246106322862,0.0204,0.5389354786253583,85.51727092590602,0.000522
1.0151839637217128,0.09763454761341486,-1.7454524975846317,-1.6437309853383058,6.693246106322862,0.0204,0.5389354786253583,85.51727092590602,0.000522
1.0151839637217128,0.09763454761341486,-1.7454524975846317,-1.6437309853383058,6.693246106322862,0.0204,0.5389354786253583,85.51727092590602,0.000522
1.0151033904970557,0.09792293084120476,-1.746452842539455,-1.644114334656586,6.695402175111485,0.0204,0.5387441617915072,57.554735607407316,0.000522
1.0146659662777444,0.09743226586047782,-1.7594703106947873,-1.6535142515075136,6.7203237883925055,0.0204,0.533848243320646,84.13723370402684,0.000522
1.0145999809675355,0.09678043914670745,-1.757302810655009,-1.653518006024833,6.8103477451188255,0.0204,0.5361437312603717,79.41474230348886,0.000522
1.0145999809675355,0.09678043914670745,-1.757302810655009,-1.653518006024833,6.8103477451188255,0.0204,0.5361437312603717,79.41474230348886,0.000522
1.0144145212654732,0.09669202638496631,-1.7571314523678734,-1.6535176025059561,6.809522525579227,0.0204,0.5338231983812308,78.36373945396049,0.000522
1.01430698999342,0.09681077668253833,-1.75758764823425,-1.653516462117188,6.786603926627848,0.0204,0.532089059956729,79.01886087933079,0.000522
1.01430698999342,0.09681077668253833,-1.75758764823425,-1.653516462117188,6.786603926627848,0.0204,0.532089059956729,79.01886087933079,0.000522
1.01430698999342,0.09681077668253833,-1.75758764823425,-1.653516462117188,6.786603926627848,0.0204,0.532089059956729,79.01886087933079,0.000522
1.0140558499367722,0.09662854699365132,-1.7664582213867648,-1.6596581453175192,6.615206561108865,0.0204,0.5416227673346986,61.67569401448209,0.000522
1.0140558499367722,0.09662854699365132,-1.7664582213867648,-1.6596581453175192,6.615206561108865,0.0204,0.5416227673346986,61.67569401448209,0.000522
1.0140558499367722,0.09662854699365132,-1.7664582213867648,-1.6596581453175192,6.615206561108865,0.0204,0.5416227673346986,61.67569401448209,0.000522
1.0136267151701248,0.09644444051391879,-1.7675092798587198,-1.661342538708228,6.473088570346725,0.0204,0.5372215710322281,48.85434923728586,0.000522
1.013469739708975,0.09394100898014439,-1.7656001880914767,-1.6625086639127211,6.730298330759681,0.0204,0.5271003782654616,62.249808245429165,0.000522
1.013469739708975,0.09394100898014439,-1.7656001880914767,-1.6625086639127211,6.730298330759681,0.0204,0.5271003782654616,62.249808245429165,0.000522
1.013469739708975,0.09394100898014439,-1.7656001880914767,-1.6625086639127211,6.730298330759681,0.0204,0.5271003782654616,62.249808245429165,0.000522
1.0134588606460717,0.09603511115455356,-1.767309367196346,-1.6616680269050168,6.478479437657942,0.0204,0.5472535576780492,52.4217922840232,0.000522
1.0134588606460717,0.09603511115455356,-1.767309367196346,-1.6616680269050168,6.478479437657942,0.0204,0.5472535576780492,52.4217922840232,0.000522
1.0134588606460717,0.09603511115455356,-1.767309367196346,-1.6616680269050168,6.478479437657942,0.0204,0.5472535576780492,52.4217922840232,0.000522
1.0130730702394033,0.09380250239653662,-1.7716511857651878,-1.6663842514160478,6.369491788163657,0.0204,0.5423305503413292,48.817166255762324,0.000522
1.0121401769720522,0.09352803306371432,-1.7775418674304244,-1.6720977751850736,6.44360911894827,0.0204,0.5374081823153802,124.04460701829967,0.000522
1.0121401769720522,0.09352803306371432,-1.7775418674304244,-1.6720977751850736,6.44360911894827,0.0204,0.5374081823153802,124.04460701829967,0.000522
1.0121401769720522,0.09352803306371432,-1.7775418674304244,-1.6720977751850736,6.44360911894827,0.0204,0.5374081823153802,124.04460701829967,0.000522
1.0121401769720522,0.09352803306371432,-1.7775418674304244,-1.6720977751850736,6.44360911894827,0.0204,0.5374081823153802,124.04460701829967,0.000522
1.0121401769720522,0.09352803306371432,-1.7775418674304244,-1.6720977751850736,6.44360911894827,0.0204,0.5374081823153802,124.04460701829967,0.000522
1.0121401769720522,0.09352803306371432,-1.7775418674304244,-1.6720977751850736,6.44360911894827,0.0204,0.5374081823153802,124.04460701829967,0.000522
1.0121401769720522,0.09352803306371432,-1.7775418674304244,-1.6720977751850736,6.44360911894827,0.0204,0.5374081823153802,124.04460701829967,0.000522
1.0121401769720522,0.09352803306371432,-1.7775418674304244,-1.6720977751850736,6.44360911894827,0.0204,0.5374081823153802,124.04460701829967,0.000522
1.0121401769720522,0.09352803306371432,-1.7775418674304244,-1.6720977751850736,6.44360911894827,0.0204,0.5374081823153802,124.04460701829967,0.000522
1.0121401769720522,0.09352803306371432,-1.7775418674304244,-1.6720977751850736,6.44360911894827,0.0204,0.5374081823153802,124.04460701829967,0.000522
1.0121401769720522,0.09352803306371432,-1.7775418674304244,-1.6720977751850736,6.44360911894827,0.0204,0.5374081823153802,124.04460701829967,0.000522
1.0121401769720522,0.09352803306371432,-1.7775418674304244,-1.6720977751850736,6.44360911894827,0.0204,0.5374081823153802,124.04460701829967,0.000522
1.0121401769720522,0.09352803306371432,-1.7775418674304244,-1.6720977751850736,6.44360911894827,0.0204,0.5374081823153802,124.04460701829967,0.000522
1.0121401769720522,0.09352803306371432,-1.7775418674304244,-1.6720977751850736,6.44360911894827,0.0204,0.5374081823153802,124.04460701829967,0.000522
1.0121401769720522,0.09352803306371432,-1.7775418674304244,-1.6720977751850736,6.44360911894827,0.0204,0.5374081823153802,124.04460701829967,0.000522
1.0119227754027502,0.09345614120400508,-1.784428955317802,-1.676715856035661,6.4250187438907815,0.0204,0.5374206506251781,150.0,0.000522
1.0119227754027502,0.09345614120400508,-1.784428955317802,-1.676715856035661,6.4250187438907815,0.0204,0.5374206506251781,150.0,0.000522
1.0119227754027502,0.09345614120400508,-1.784428955317802,-1.676715856035661,6.4250187438907815,0.0204,0.5374206506251781,150.0,0.000522
1.0118534246258946,0.09332061121162082,-1.781808157304091,-1.6754019897946713,6.4280414979400815,0.0204,0.5373584570459462,150.0,0.000522
1.011566822393128,0.09281701571954755,-1.792886356949131,-1.6830010192435874,6.2007671601673096,0.0204,0.5427498068158366,126.65715825997299,0.000522
1.011566822393128,0.09281701571954755,-1.792886356949131,-1.6830010192435874,6.2007671601673096,0.0204,0.5427498068158366,126.65715825997299,0.000522
1.011566822393128,0.09281701571954755,-1.792886356949131,-1.6830010192435874,6.2007671601673096,0.0204,0.5427498068158366,126.65715825997299,0.000522
1.011051207833147,0.09270998025858378,-1.794021273657339,-1.685086974001627,6.257340644931601,0.0204,0.5404486793580711,103.50334162341056,0.000522
1.0109183078727162,0.09264696217153527,-1.7956007633372733,-1.6862791256336547,6.174441898304884,0.0204,0.5425098698356138,116.58486772204178,0.000522
1.0108428534594673,0.09240763432567406,-1.8013826227329914,-1.690553016930911,6.233835950521772,0.0204,0.5425565421039069,119.98936807003861,0.000522
1.0108428534594673,0.09240763432567406,-1.8013826227329914,-1.690553016930911,6.233835950521772,0.0204,0.5425565421039069,119.98936807003861,0.000522
1.0108428534594673,0.09240763432567406,-1.8013826227329914,-1.690553016930911,6.233835950521772,0.0204,0.5425565421039069,119.98936807003861,0.000522
1.0108428534594673,0.09240763432567406,-1.8013826227329914,-1.690553016930911,6.233835950521772,0.0204,0.5425565421039069,119.98936807003861,0.000522
1.0108428534594673,0.09240763432567406,-1.8013826227329914,-1.690553016930911,6.233835950521772,0.0204,0.5425565421039069,119.98936807003861,0.000522
1.0108428534594673,0.09240763432567406,-1.8013826227329914,-1.690553016930911,6.233835950521772,0.0204,0.5425565421039069,119.98936807003861,0.000522
1.0107824341530833,0.09124833900388632,-1.8120129941295098,-1.6997707396167259,6.223678802449332,0.0204,0.5434233009387863,97.85415808258495,0.000522
1.0107824341530833,0.09124833900388632,-1.8120129941295098,-1.6997707396167259,6.223678802449332,0.0204,0.5434233009387863,97.85415808258495,0.000522
1.0107824341530833,0.09124833900388632,-1.8120129941295098,-1.6997707396167259,6.223678802449332,0.0204,0.5434233009387863,97.85415808258495,0.000522
1.0107824341530833,0.09124833900388632,-1.8120129941295098,-1.6997707396167259,6.223678802449332,0.0204,0.5434233009387863,97.85415808258495,0.000522
1.0107824341530833,0.09124833900388632,-1.8120129941295098,-1.6997707396167259,6.223678802449332,0.0204,0.5434233009387863,97.85415808258495,0.000522
1.0107267928097523,0.09086689596435787,-1.795677835877271,-1.6883955406832514,6.121643275937034,0.0204,0.5452714847300735,108.61449866538925,0.000522
1.0107267928097523,0.09086689596435787,-1.795677835877271,-1.6883955406832514,6.121643275937034,0.0204,0.5452714847300735,108.61449866538925,0.000522
1.0105146051344347,0.09068735921058176,-1.7994966215425428,-1.690975241131807,6.111459298634891,0.0204,0.5460166265120463,92.00715877211793,0.000522
1.0101188940762684,0.09050891184591105,-1.8064088554209063,-1.6962421187930319,6.098836687464572,0.0204,0.5471480047434211,81.56241632639701,0.000522
1.0097377083299433,0.09082640809291687,-1.813780138401141,-1.7010161353159765,5.921846295828407,0.0204,0.5479554735752862,128.27667130920642,0.000522
1.0095564370766692,0.08935225609747788,-1.8195283966187796,-1.7076675915445774,6.082161592014184,0.0204,0.5451165664225891,150.0,0.000522
1.0095564370766692,0.08935225609747788,-1.8195283966187796,-1.7076675915445774,6.082161592014184,0.0204,0.5451165664225891,150.0,0.000522
1.0095564370766692,0.08935225609747788,-1.8195283966187796,-1.7076675915445774,6.082161592014184,0.0204,0.5451165664225891,150.0,0.000522
1.0095564370766692,0.08935225609747788,-1.8195283966187796,-1.7076675915445774,6.082161592014184,0.0204,0.5451165664225891,150.0,0.000522
1.0085232717261607,0.08667016301086673,-1.8668298254737834,-1.7443869248673158,5.08537959673528,0.0204,0.5841550518931999,150.0,0.000522
1.0085232717261607,0.08667016301086673,-1.8668298254737834,-1.7443869248673158,5.08537959673528,0.0204,0.5841550518931999,150.0,0.000522
1.0085232717261607,0.08667016301086673,-1.8668298254737834,-1.7443869248673158,5.08537959673528,0.0204,0.5841550518931999,150.0,0.000522
1.0085232717261607,0.08667016301086673,-1.8668298254737834,-1.7443869248673158,5.08537959673528,0.0204,0.5841550518931999,150.0,0.000522
1.0085232717261607,0.08667016301086673,-1.8668298254737834,-1.7443869248673158,5.08537959673528,0.0204,0.5841550518931999,150.0,0.000522
1.0085232717261607,0.08667016301086673,-1.8668298254737834,-1.7443869248673158,5.08537959673528,0.0204,0.5841550518931999,150.0,0.000522
1.0085232717261607,0.08667016301086673,-1.8668298254737834,-1.7443869248673158,5.08537959673528,0.0204,0.5841550518931999,150.0,0.000522
1.0085232717261607,0.08667016301086673,-1.8668298254737834,-1.7443869248673158,5.08537959673528,0.0204,0.5841550518931999,150.0,0.000522
1.0085232717261607,0.08667016301086673,-1.8668298254737834,-1.7443869248673158,5.08537959673528,0.0204,0.5841550518931999,150.0,0.000522
1.0085232717261607,0.08667016301086673,-1.8668298254737834,-1.7443869248673158,5.08537959673528,0.0204,0.5841550518931999,150.0,0.000522
1.0085232717261607,0.08667016301086673,-1.8668298254737834,-1.7443869248673158,5.08537959673528,0.0204,0.5841550518931999,150.0,0.000522
1.0085232717261607,0.08667016301086673,-1.8668298254737834,-1.7443869248673158,5.08537959673528,0.0204,0.5841550518931999,150.0,0.000522
1.0085232717261607,0.08667016301086673,-1.8668298254737834,-1.7443869248673158,5.08537959673528,0.0204,0.5841550518931999,150.0,0.000522
1.0082890124738146,0.08693028614676482,-1.8494315213779042,-1.7323487087345921,5.263061403908372,0.0204,0.5735900079733935,150.0,0.0007127993662608028
1.0082890124738146,0.08693028614676482,-1.8494315213779042,-1.7323487087345921,5.263061403908372,0.0204,0.5735900079733935,150.0,0.0007127993662608028
1.0082890124738146,0.08693028614676482,-1.8494315213779042,-1.7323487087345921,5.263061403908372,0.0204,0.5735900079733935,150.0,0.0007127993662608028
1.0082890124738146,0.08693028614676482,-1.8494315213779042,-1.7323487087345921,5.263061403908372,0.0204,0.5735900079733935,150.0,0.0007127993662608028
1.0082890124738146,0.08693028614676482,-1.8494315213779042,-1.7323487087345921,5.263061403908372,0.0204,0.5735900079733935,150.0,0.0007127993662608028
1.0082890124738146,0.08693028614676482,-1.8494315213779042,-1.7323487087345921,5.263061403908372,0.0204,0.5735900079733935,150.0,0.0007127993662608028
1.0082890124738146,0.08693028614676482,-1.8494315213779042,-1.7323487087345921,5.263061403908372,0.0204,0.5735900079733935,150.0,0.0007127993662608028
1.0082890124738146,0.08693028614676482,-1.8494315213779042,-1.7323487087345921,5.263061403908372,0.0204,0.5735900079733935,150.0,0.0007127993662608028
1.0082890124738146,0.08693028614676482,-1.8494315213779042,-1.7323487087345921,5.263061403908372,0.0204,0.5735900079733935,150.0,0.0007127993662608028
1.0082890124738146,0.08693028614676482,-1.8494315213779042,-1.7323487087345921,5.263061403908372,0.0204,0.5735900079733935,150.0,0.0007127993662608028
1.0082890124738146,0.08693028614676482,-1.8494315213779042,-1.7323487087345921,5.263061403908372,0.0204,0.5735900079733935,150.0,0.0007127993662608028
1.0082890124738146,0.08693028614676482,-1.8494315213779042,-1.7323487087345921,5.263061403908372,0.0204,0.5735900079733935,150.0,0.0007127993662608028
1.0082890124738146,0.08693028614676482,-1.8494315213779042,-1.7323487087345921,5.263061403908372,0.0204,0.5735900079733935,150.0,0.0007127993662608028
1.0082890124738146,0.08693028614676482,-1.8494315213779042,-1.7323487087345921,5.263061403908372,0.0204,0.5735900079733935,150.0,0.0007127993662608028
1.0082890124738146,0.08693028614676482,-1.8494315213779042,-1.7323487087345921,5.263061403908372,0.0204,0.5735900079733935,150.0,0.0007127993662608028
1.0082890124738146,0.08693028614676482,-1.8494315213779042,-1.7323487087345921,5.263061403908372,0.0204,0.5735900079733935,150.0,0.0007127993662608028
1.0082890124738146,0.08693028614676482,-1.8494315213779042,-1.7323487087345921,5.263061403908372,0.0204,0.5735900079733935,150.0,0.0007127993662608028
1.0082548062717858,0.08801727376536347,-1.8503861159333257,-1.731404888977239,5.433551188643967,0.0204,0.5714935211925103,150.0,0.0007097985010809902
1.0081406052537403,0.08796861874245418,-1.8512880670579603,-1.7323203606405573,5.349189286688742,0.0204,0.5715929321003702,150.0,0.0007032550646473614
1.0078708074769718,0.08800337716216815,-1.855691678547473,-1.7347222148379178,5.316789714403834,0.0204,0.568018421809217,150.0,0.000522
1.0078708074769718,0.08800337716216815,-1.855691678547473,-1.7347222148379178,5.316789714403834,0.0204,0.568018421809217,150.0,0.000522
1.0078708074769718,0.08800337716216815,-1.855691678547473,-1.7347222148379178,5.316789714403834,0.0204,0.568018421809217,150.0,0.000522
1.0078708074769718,0.08800337716216815,-1.855691678547473,-1.7347222148379178,5.316789714403834,0.0204,0.568018421809217,150.0,0.000522
1.0078565065635414,0.08782495760080615,-1.853635126484311,-1.734128423540252,5.364969489750186,0.0204,0.5675657130226461,150.0,0.000522
1.0076558821956971,0.08761880336525636,-1.8528979971169912,-1.733805078635129,5.399145310817122,0.0204,0.5671521286188475,150.0,0.000522
1.0075943279418564,0.08751572624748147,-1.8525294324333312,-1.7336434061825674,5.41623322135059,0.0204,0.5669453364169481,150.0,0.000522
1.0075731158018613,0.08746418768859403,-1.8523451500915014,-1.7335625699562867,5.424777176617325,0.0204,0.5668419403159984,150.0,0.000522
1.007522498985456,0.08586014401091563,-1.8516215627568091,-1.7349512816805277,5.3887102294344285,0.0204,0.5676239141028298,150.0,0.000522
1.007522498985456,0.08586014401091563,-1.8516215627568091,-1.7349512816805277,5.3887102294344285,0.0204,0.5676239141028298,150.0,0.000522
1.007522498985456,0.08586014401091563,-1.8516215627568091,-1.7349512816805277,5.3887102294344285,0.0204,0.5676239141028298,150.0,0.000522
1.007522498985456,0.08586014401091563,-1.8516215627568091,-1.7349512816805277,5.3887102294344285,0.0204,0.5676239141028298,150.0,0.000522
1.007522498985456,0.08586014401091563,-1.8516215627568091,-1.7349512816805277,5.3887102294344285,0.0204,0.5676239141028298,150.0,0.000522
1.007386972032846,0.08639163504506708,-1.8520703369191596,-1.734897374146083,5.422375433572791,0.0204,0.5660940414436012,150.0,0.000522
1.007386972032846,0.08639163504506708,-1.8520703369191596,-1.734897374146083,5.422375433572791,0.0204,0.5660940414436012,150.0,0.000522
1.0072850678920306,0.0864699206235654,-1.8524548698243872,-1.7347662054376913,5.408760830617423,0.0204,0.5644091015223235,150.0,0.000522
1.0072850678920306,0.0864699206235654,-1.8524548698243872,-1.7347662054376913,5.408760830617423,0.0204,0.5644091015223235,150.0,0.000522
1.00706559859652,0.08604564337453381,-1.8578155677327424,-1.7394305114431228,5.416118229711164,0.0204,0.5630668397379798,150.0,0.000522
1.00706559859652,0.08604564337453381,-1.8578155677327424,-1.7394305114431228,5.416118229711164,0.0204,0.5630668397379798,150.0,0.000522
1.0070590469300282,0.08556530895391537,-1.8593136182730456,-1.7407626748577232,5.436565626197934,0.0204,0.5612214296058196,150.0,0.000522
1.0070590469300282,0.08556530895391537,-1.8593136182730456,-1.7407626748577232,5.436565626197934,0.0204,0.5612214296058196,150.0,0.000522
1.0070590469300282,0.08556530895391537,-1.8593136182730456,-1.7407626748577232,5.436565626197934,0.0204,0.5612214296058196,150.0,0.000522
1.0070590469300282,0.08556530895391537,-1.8593136182730456,-1.7407626748577232,5.436565626197934,0.0204,0.5612214296058196,150.0,0.000522
1.0070590469300282,0.08556530895391537,-1.8593136182730456,-1.7407626748577232,5.436565626197934,0.0204,0.5612214296058196,150.0,0.000522
1.006988188140061,0.08556263961730207,-1.859706626146435,-1.7415070433994482,5.438882448029668,0.0204,0.5612223877058511,150.0,0.000522
1.006988188140061,0.08556263961730207,-1.859706626146435,-1.7415070433994482,5.438882448029668,0.0204,0.5612223877058511,150.0,0.000522
1.006988188140061,0.08556263961730207,-1.859706626146435,-1.7415070433994482,5.438882448029668,0.0204,0.5612223877058511,150.0,0.000522
1.006988188140061,0.08556263961730207,-1.859706626146435,-1.7415070433994482,5.438882448029668,0.0204,0.5612223877058511,150.0,0.000522
1.006988188140061,0.08556263961730207,-1.859706626146435,-1.7415070433994482,5.438882448029668,0.0204,0.5612223877058511,150.0,0.000522
1.006988188140061,0.08556263961730207,-1.859706626146435,-1.7415070433994482,5.438882448029668,0.0204,0.5612223877058511,150.0,0.000522
1.006981141080522,0.08479375166596088,-1.868123759011927,-1.7478895687563074,5.389918411084291,0.0204,0.5612995350291426,150.0,0.000522
1.006981141080522,0.08479375166596088,-1.868123759011927,-1.7478895687563074,5.389918411084291,0.0204,0.5612995350291426,150.0,0.000522
1.0068989455772384,0.08430086273685736,-1.8678643272907969,-1.7493134582555507,5.360204301391409,0.0204,0.5599851902777112,150.0,0.000522
1.0068989455772384,0.08430086273685736,-1.8678643272907969,-1.7493134582555507,5.360204301391409,0.0204,0.5599851902777112,150.0,0.000522
1.0068989455772384,0.08430086273685736,-1.8678643272907969,-1.7493134582555507,5.360204301391409,0.0204,0.5599851902777112,150.0,0.000522
1.0068989455772384,0.08430086273685736,-1.8678643272907969,-1.7493134582555507,5.360204301391409,0.0204,0.5599851902777112,150.0,0.000522
1.0068989455772384,0.08430086273685736,-1.8678643272907969,-1.7493134582555507,5.360204301391409,0.0204,0.5599851902777112,150.0,0.000522
1.0068197357159843,0.08480036951423413,-1.869931684087725,-1.7493040387926442,5.354519741130894,0.0204,0.5608775143070648,150.0,0.000522
1.0068197357159843,0.08480036951423413,-1.869931684087725,-1.7493040387926442,5.354519741130894,0.0204,0.5608775143070648,150.0,0.000522
1.0067966960630628,0.08507289690621501,-1.8673112308077142,-1.7472379676442633,5.295278738211904,0.0204,0.5641822882296471,150.0,0.000522
1.0067966960630628,0.08507289690621501,-1.8673112308077142,-1.7472379676442633,5.295278738211904,0.0204,0.5641822882296471,150.0,0.000522
1.0067966960630628,0.08507289690621501,-1.8673112308077142,-1.7472379676442633,5.295278738211904,0.0204,0.5641822882296471,150.0,0.000522
1.0067966960630628,0.08507289690621501,-1.8673112308077142,-1.7472379676442633,5.295278738211904,0.0204,0.5641822882296471,150.0,0.000522
1.0067966960630628,0.08507289690621501,-1.8673112308077142,-1.7472379676442633,5.295278738211904,0.0204,0.5641822882296471,150.0,0.000522
1.0067448746919827,0.08492239897342048,-1.8674987497313342,-1.7479273998403866,5.353877588425294,0.0204,0.5637042834674669,150.0,0.000522
1.0067448746919827,0.08492239897342048,-1.8674987497313342,-1.7479273998403866,5.353877588425294,0.0204,0.5637042834674669,150.0,0.000522
1.0067448746919827,0.08492239897342048,-1.8674987497313342,-1.7479273998403866,5.353877588425294,0.0204,0.5637042834674669,150.0,0.000522
1.0067448746919827,0.08492239897342048,-1.8674987497313342,-1.7479273998403866,5.353877588425294,0.0204,0.5637042834674669,150.0,0.000522
1.0067448746919827,0.08492239897342048,-1.8674987497313342,-1.7479273998403866,5.353877588425294,0.0204,0.5637042834674669,150.0,0.000522
1.0067163368190457,0.08482796153739318,-1.8678582236587173,-1.7481911476106848,5.341310801169727,0.0204,0.5639352055080624,150.0,0.000522
1.0066797916763108,0.08472908535079074,-1.8691163850241814,-1.7491384442456752,5.3270379091810725,0.0204,0.5637839030861813,150.0,0.000522
1.0066673303953027,0.08467964725748953,-1.8697454657069135,-1.7496120925631704,5.319901463186746,0.0204,0.5637082518752408,150.0,0.000522
1.0066625560399238,0.08465492821083892,-1.8700600060482795,-1.749848916721918,5.316333240189582,0.0204,0.5636704262697705,150.0,0.000522
1.0066605333707517,0.08464256868751362,-1.8702172762189626,-1.7499673288012918,5.3145491286910005,0.0204,0.5636515134670353,150.0,0.000522
1.006610752605819,0.08457037208062558,-1.8725343496114062,-1.751745913487187,5.311730736746611,0.0204,0.5642941594532885,150.0,0.000522
1.006610752605819,0.08457037208062558,-1.8725343496114062,-1.751745913487187,5.311730736746611,0.0204,0.5642941594532885,150.0,0.000522
1.0065994792667496,0.08421516973923866,-1.8730185735760312,-1.752579433314868,5.310146317749,0.0204,0.5637990239775942,150.0,0.000522
1.0065978355552168,0.08406417201215415,-1.8735422276488842,-1.7534570305381132,5.31719433605752,0.0204,0.5622563952362034,150.0,0.000522
1.0065978355552168,0.08406417201215415,-1.8735422276488842,-1.7534570305381132,5.31719433605752,0.0204,0.5622563952362034,150.0,0.000522
1.0065870272450248,0.08424399214530569,-1.87372879456193,-1.7532622280572494,5.318798336431181,0.0204,0.5620720398479732,150.0,0.000522
1.0065730365492247,0.08432570128604641,-1.8735699622264266,-1.7529567559063521,5.311302539161257,0.0204,0.5636628481752802,150.0,0.000522
1.0065730365492247,0.08432570128604641,-1.8735699622264266,-1.7529567559063521,5.311302539161257,0.0204,0.5636628481752802,150.0,0.000522
1.0065730365492247,0.08432570128604641,-1.8735699622264266,-1.7529567559063521,5.311302539161257,0.0204,0.5636628481752802,150.0,0.000522
1.0065730365492247,0.08432570128604641,-1.8735699622264266,-1.7529567559063521,5.311302539161257,0.0204,0.5636628481752802,150.0,0.000522
1.0065664403396046,0.08394569533201589,-1.875514822418951,-1.754874151243066,5.314871353727665,0.0204,0.5638432719641728,150.0,0.000522
1.006559047325213,0.08398927613716238,-1.8758376047767884,-1.7550839535401426,5.314808718457313,0.0204,0.5638634144695744,150.0,0.000522
1.0065309586176407,0.0840869677330738,-1.876441361242168,-1.7551579564575153,5.259440347447781,0.0204,0.5639242403309305,150.0,0.000522
1.0065309586176407,0.0840869677330738,-1.876441361242168,-1.7551579564575153,5.259440347447781,0.0204,0.5639242403309305,150.0,0.000522
1.0065309586176407,0.0840869677330738,-1.876441361242168,-1.7551579564575153,5.259440347447781,0.0204,0.5639242403309305,150.0,0.000522
1.0065309586176407,0.0840869677330738,-1.876441361242168,-1.7551579564575153,5.259440347447781,0.0204,0.5639242403309305,150.0,0.000522
1.006512311115292,0.08412305521286097,-1.8762071819900286,-1.7551320262948444,5.280790293407106,0.0204,0.5639962517217311,150.0,0.000522
1.006512311115292,0.08412305521286097,-1.8762071819900286,-1.7551320262948444,5.280790293407106,0.0204,0.5639962517217311,150.0,0.000522
1.006512311115292,0.08412305521286097,-1.8762071819900286,-1.7551320262948444,5.280790293407106,0.0204,0.5639962517217311,150.0,0.000522
1.006512311115292,0.08412305521286097,-1.8762071819900286,-1.7551320262948444,5.280790293407106,0.0204,0.5639962517217311,150.0,0.000522
1.006512311115292,0.08412305521286097,-1.8762071819900286,-1.7551320262948444,5.280790293407106,0.0204,0.5639962517217311,150.0,0.000522
1.006512311115292,0.08412305521286097,-1.8762071819900286,-1.7551320262948444,5.280790293407106,0.0204,0.5639962517217311,150.0,0.000522
1.006512311115292,0.08412305521286097,-1.8762071819900286,-1.7551320262948444,5.280790293407106,0.0204,0.5639962517217311,150.0,0.000522
1.006512311115292,0.08412305521286097,-1.8762071819900286,-1.7551320262948444,5.280790293407106,0.0204,0.5639962517217311,150.0,0.000522
1.0065111567269576,0.08411544979202307,-1.8762357894708441,-1.7551311252477815,5.283173132808857,0.0204,0.5640024383322773,150.0,0.000522
1.0065111567269576,0.08411544979202307,-1.8762357894708441,-1.7551311252477815,5.283173132808857,0.0204,0.5640024383322773,150.0,0.000522
1.0065111567269576,0.08411544979202307,-1.8762357894708441,-1.7551311252477815,5.283173132808857,0.0204,0.5640024383322773,150.0,0.000522
1.006483208570053,0.0836767631881993,-1.8783319670186134,-1.7573816352836322,5.280443078743487,0.0204,0.563472392784688,150.0,0.000522
1.006483208570053,0.0836767631881993,-1.8783319670186134,-1.7573816352836322,5.280443078743487,0.0204,0.563472392784688,150.0,0.000522
1.006483208570053,0.0836767631881993,-1.8783319670186134,-1.7573816352836322,5.280443078743487,0.0204,0.563472392784688,150.0,0.000522
1.006483208570053,0.0836767631881993,-1.8783319670186134,-1.7573816352836322,5.280443078743487,0.0204,0.563472392784688,150.0,0.000522
1.006483208570053,0.0836767631881993,-1.8783319670186134,-1.7573816352836322,5.280443078743487,0.0204,0.563472392784688,150.0,0.000522
1.0064807567973721,0.08383499632652684,-1.878646129365084,-1.757389934918539,5.277905978095754,0.0204,0.5633374901622905,150.0,0.000522
1.0064807567973721,0.08383499632652684,-1.878646129365084,-1.757389934918539,5.277905978095754,0.0204,0.5633374901622905,150.0,0.000522
1.0064639176594115,0.08377156304550441,-1.8797516739784081,-1.7580600937489759,5.27133501640929,0.0204,0.5631150471277234,150.0,0.000522
1.0064639176594115,0.08377156304550441,-1.8797516739784081,-1.7580600937489759,5.27133501640929,0.0204,0.5631150471277234,150.0,0.000522
1.0064639176594115,0.08377156304550441,-1.8797516739784081,-1.7580600937489759,5.27133501640929,0.0204,0.5631150471277234,150.0,0.000522
1.0064639176594115,0.08377156304550441,-1.8797516739784081,-1.7580600937489759,5.27133501640929,0.0204,0.5631150471277234,150.0,0.000522
1.0064639176594115,0.08377156304550441,-1.8797516739784081,-1.7580600937489759,5.27133501640929,0.0204,0.5631150471277234,150.0,0.000522
1.0064577972396127,0.0838287487454255,-1.8796086703111456,-1.7579976772053891,5.271499265020204,0.0204,0.5636640378419873,150.0,0.000522
1.0064577972396127,0.0838287487454255,-1.8796086703111456,-1.7579976772053891,5.271499265020204,0.0204,0.5636640378419873,150.0,0.000522
1.0064577972396127,0.0838287487454255,-1.8796086703111456,-1.7579976772053891,5.271499265020204,0.0204,0.5636640378419873,150.0,0.000522
1.0064438967484892,0.08390399145599464,-1.8806735729224864,-1.758580940041517,5.246858308284358,0.0204,0.5643334155706642,150.0,0.000522
1.0064109076618375,0.08366006570682119,-1.8829822077398906,-1.7604608867654379,5.230114911798558,0.0204,0.564373079251919,150.0,0.000522
1.0064109076618375,0.08366006570682119,-1.8829822077398906,-1.7604608867654379,5.230114911798558,0.0204,0.564373079251919,150.0,0.000522
1.0064109076618375,0.08366006570682119,-1.8829822077398906,-1.7604608867654379,5.230114911798558,0.0204,0.564373079251919,150.0,0.000522
1.0064109076618375,0.08366006570682119,-1.8829822077398906,-1.7604608867654379,5.230114911798558,0.0204,0.564373079251919,150.0,0.000522
1.0064109076618375,0.08366006570682119,-1.8829822077398906,-1.7604608867654379,5.230114911798558,0.0204,0.564373079251919,150.0,0.000522
1.0064000204153734,0.0831938664432426,-1.8832981989789435,-1.7613767696388323,5.220459568067253,0.0204,0.5642863281020241,150.0,0.000522
1.0064000204153734,0.0831938664432426,-1.8832981989789435,-1.7613767696388323,5.220459568067253,0.0204,0.5642863281020241,150.0,0.000522
1.00635767146859,0.08329641278604262,-1.8864297175382605,-1.763593796717042,5.214951362271823,0.0204,0.5648308031513408,150.0,0.000522
1.00635767146859,0.08329641278604262,-1.8864297175382605,-1.763593796717042,5.214951362271823,0.0204,0.5648308031513408,150.0,0.000522
1.00635767146859,0.08329641278604262,-1.8864297175382605,-1.763593796717042,5.214951362271823,0.0204,0.5648308031513408,150.0,0.000522
1.00635767146859,0.08329641278604262,-1.8864297175382605,-1.763593796717042,5.214951362271823,0.0204,0.5648308031513408,150.0,0.000522
1.00635767146859,0.08329641278604262,-1.8864297175382605,-1.763593796717042,5.214951362271823,0.0204,0.5648308031513408,150.0,0.000522
1.00635767146859,0.08329641278604262,-1.8864297175382605,-1.763593796717042,5.214951362271823,0.0204,0.5648308031513408,150.0,0.000522
1.00635767146859,0.08329641278604262,-1.8864297175382605,-1.763593796717042,5.214951362271823,0.0204,0.5648308031513408,150.0,0.000522
1.00635767146859,0.08329641278604262,-1.8864297175382605,-1.763593796717042,5.214951362271823,0.0204,0.5648308031513408,150.0,0.000522
1.00635767146859,0.08329641278604262,-1.8864297175382605,-1.763593796717042,5.214951362271823,0.0204,0.5648308031513408,150.0,0.000522
1.00635767146859,0.08329641278604262,-1.8864297175382605,-1.763593796717042,5.214951362271823,0.0204,0.5648308031513408,150.0,0.000522
1.0063536038732095,0.08338783231397152,-1.8866867856057221,-1.7635502070678848,5.186574692192516,0.0204,0.5655336186678795,150.0,0.000522
1.0063492171102886,0.08331369752086891,-1.886187264890879,-1.763214493391539,5.191751522047151,0.0204,0.5665110246592397,150.0,0.000522
1.0063492171102886,0.08331369752086891,-1.886187264890879,-1.763214493391539,5.191751522047151,0.0204,0.5665110246592397,150.0,0.000522
1.0063492171102886,0.08331369752086891,-1.886187264890879,-1.763214493391539,5.191751522047151,0.0204,0.5665110246592397,150.0,0.000522
1.0063492171102886,0.08331369752086891,-1.886187264890879,-1.763214493391539,5.191751522047151,0.0204,0.5665110246592397,150.0,0.000522
1.0063491287475934,0.08325398401032524,-1.8864620093127888,-1.7637261031650808,5.18874789046293,0.0204,0.566051201769723,150.0,0.000522
1.0063415657132952,0.08324859698918358,-1.8863062099177061,-1.7635551112467833,5.18860935745508,0.0204,0.5657992514682912,149.74093624319673,0.000522
1.0063361979880034,0.08325279905420102,-1.8864279750534463,-1.7635735798520178,5.188615158732076,0.0204,0.5658994343332581,149.58221275826583,0.000522
1.0063356449825078,0.08310856976872559,-1.886449626642898,-1.7637333111299094,5.181710117047191,0.0204,0.5658251371413764,149.8487103464965,0.000522
1.0063356449825078,0.08310856976872559,-1.886449626642898,-1.7637333111299094,5.181710117047191,0.0204,0.5658251371413764,149.8487103464965,0.000522
1.0063356449825078,0.08310856976872559,-1.886449626642898,-1.7637333111299094,5.181710117047191,0.0204,0.5658251371413764,149.8487103464965,0.000522
1.0063356449825078,0.08310856976872559,-1.886449626642898,-1.7637333111299094,5.181710117047191,0.0204,0.5658251371413764,149.8487103464965,0.000522
1.006328823204388,0.082865540392971,-1.888033726751103,-1.7652750553771455,5.1966292526288385,0.0204,0.5656727455931198,149.66842730598833,0.000522
1.006328823204388,0.082865540392971,-1.888033726751103,-1.7652750553771455,5.1966292526288385,0.0204,0.5656727455931198,149.66842730598833,0.000522
1.0063262006369451,0.08311345969033951,-1.890144159958265,-1.7664154891073083,5.176491971203522,0.0204,0.5655994232302411,150.0,0.000522
1.0063081830417042,0.0828613826261397,-1.8889197670153124,-1.765866608774469,5.154182709129437,0.0204,0.5676272640991693,149.8693084122841,0.000522
1.0063081830417042,0.0828613826261397,-1.8889197670153124,-1.765866608774469,5.154182709129437,0.0204,0.5676272640991693,149.8693084122841,0.000522
1.0063081830417042,0.0828613826261397,-1.8889197670153124,-1.765866608774469,5.154182709129437,0.0204,0.5676272640991693,149.8693084122841,0.000522
1.0063081830417042,0.0828613826261397,-1.8889197670153124,-1.765866608774469,5.154182709129437,0.0204,0.5676272640991693,149.8693084122841,0.000522
1.0063081830417042,0.0828613826261397,-1.8889197670153124,-1.765866608774469,5.154182709129437,0.0204,0.5676272640991693,149.8693084122841,0.000522
1.0063081830417042,0.0828613826261397,-1.8889197670153124,-1.765866608774469,5.154182709129437,0.0204,0.5676272640991693,149.8693084122841,0.000522
1.0063081830417042,0.0828613826261397,-1.8889197670153124,-1.765866608774469,5.154182709129437,0.0204,0.5676272640991693,149.8693084122841,0.000522
1.0063081830417042,0.0828613826261397,-1.8889197670153124,-1.765866608774469,5.154182709129437,0.0204,0.5676272640991693,149.8693084122841,0.000522
1.0063081830417042,0.0828613826261397,-1.8889197670153124,-1.765866608774469,5.154182709129437,0.0204,0.5676272640991693,149.8693084122841,0.000522
1.0063081830417042,0.0828613826261397,-1.8889197670153124,-1.765866608774469,5.154182709129437,0.0204,0.5676272640991693,149.8693084122841,0.000522
1.0063045710154257,0.08295593077778786,-1.8891727716539273,-1.7659274967469407,5.151959888525477,0.0204,0.5677048980107015,149.89418017838943,0.000522
1.0062978537956262,0.08284736782699983,-1.8896000463884532,-1.7663403345511302,5.143065246206485,0.0204,0.5676971535758791,149.8981877857322,0.000522
1.0062978537956262,0.08284736782699983,-1.8896000463884532,-1.7663403345511302,5.143065246206485,0.0204,0.5676971535758791,149.8981877857322,0.000522
1.0062978537956262,0.08284736782699983,-1.8896000463884532,-1.7663403345511302,5.143065246206485,0.0204,0.5676971535758791,149.8981877857322,0.000522
1.0062978537956262,0.08284736782699983,-1.8896000463884532,-1.7663403345511302,5.143065246206485,0.0204,0.5676971535758791,149.8981877857322,0.000522
1.0062978537956262,0.08284736782699983,-1.8896000463884532,-1.7663403345511302,5.143065246206485,0.0204,0.5676971535758791,149.8981877857322,0.000522
1.0062978537956262,0.08284736782699983,-1.8896000463884532,-1.7663403345511302,5.143065246206485,0.0204,0.5676971535758791,149.8981877857322,0.000522
1.0062966121971135,0.0828817292101269,-1.889528460234705,-1.7662869815388946,5.147320389430503,0.0204,0.5672746966598778,150.0,0.000522
1.0062966121971135,0.0828817292101269,-1.889528460234705,-1.7662869815388946,5.147320389430503,0.0204,0.5672746966598778,150.0,0.000522
1.0062966121971135,0.0828817292101269,-1.889528460234705,-1.7662869815388946,5.147320389430503,0.0204,0.5672746966598778,150.0,0.000522
1.0062966121971135,0.0828817292101269,-1.889528460234705,-1.7662869815388946,5.147320389430503,0.0204,0.5672746966598778,150.0,0.000522
1.0062958458373075,0.08286788489055458,-1.8895319198792129,-1.7662947146345453,5.151074200101897,0.0204,0.5671952314413033,150.0,0.000522
1.0062958458373075,0.08286788489055458,-1.8895319198792129,-1.7662947146345453,5.151074200101897,0.0204,0.5671952314413033,150.0,0.000522
1.0062958458373075,0.08286788489055458,-1.8895319198792129,-1.7662947146345453,5.151074200101897,0.0204,0.5671952314413033,150.0,0.000522
1.0062958458373075,0.08286788489055458,-1.8895319198792129,-1.7662947146345453,5.151074200101897,0.0204,0.5671952314413033,150.0,0.000522
1.0062958458373075,0.08286788489055458,-1.8895319198792129,-1.7662947146345453,5.151074200101897,0.0204,0.5671952314413033,150.0,0.000522
1.006295506991401,0.0828732575877764,-1.8895732514555679,-1.7663296276472866,5.152828992036609,0.0204,0.5671401146957633,150.0,0.000522
1.006295506991401,0.0828732575877764,-1.8895732514555679,-1.7663296276472866,5.152828992036609,0.0204,0.5671401146957633,150.0,0.000522
1.006295506991401,0.0828732575877764,-1.8895732514555679,-1.7663296276472866,5.152828992036609,0.0204,0.5671401146957633,150.0,0.000522
1.006295506991401,0.0828732575877764,-1.8895732514555679,-1.7663296276472866,5.152828992036609,0.0204,0.5671401146957633,150.0,0.000522
1.006295506991401,0.0828732575877764,-1.8895732514555679,-1.7663296276472866,5.152828992036609,0.0204,0.5671401146957633,150.0,0.000522
1.0062953578884513,0.08286503755913846,-1.889562009131315,-1.7663236800923265,5.151042971013734,0.0204,0.5671300798607435,150.0,0.000522
1.0062953578884513,0.08286503755913846,-1.889562009131315,-1.7663236800923265,5.151042971013734,0.0204,0.5671300798607435,150.0,0.000522
1.0062953578884513,0.08286503755913846,-1.889562009131315,-1.7663236800923265,5.151042971013734,0.0204,0.5671300798607435,150.0,0.000522
1.0062937603818802,0.08286595122966135,-1.8901241596577882,-1.7666463270843307,5.1491265257390335,0.0204,0.5668646438367451,150.0,0.000522
1.0062937603818802,0.08286595122966135,-1.8901241596577882,-1.7666463270843307,5.1491265257390335,0.0204,0.5668646438367451,150.0,0.000522
1.0062920165075138,0.08288695707306007,-1.8903918253817418,-1.7668088183232138,5.147087394398166,0.0204,0.566929346308592,150.0,0.000522
1.006289024837693,0.08286809546021148,-1.8904737446854059,-1.7669225634218,5.148169271374801,0.0204,0.5669752437623016,150.0,0.000522
1.0062879941925411,0.08285866465378719,-1.890514704337238,-1.766979435971093,5.148710209863119,0.0204,0.5669981924891563,150.0,0.000522
1.006287595172912,0.08285394925057504,-1.890535184163154,-1.7670078722457396,5.148980679107278,0.0204,0.5670096668525837,150.0,0.000522
1.0062874247394955,0.08285159154896897,-1.890545424076112,-1.767022090383063,5.149115913729357,0.0204,0.5670154040342974,150.0,0.000522
1.0062873467919766,0.08285041269816594,-1.890550544032591,-1.7670291994517247,5.149183531040397,0.0204,0.5670182726251543,150.0,0.000522
1.0062841758952472,0.08280639785215428,-1.8907985261574174,-1.7672862798526667,5.145771314370832,0.0204,0.5671296298016256,150.0,0.000522
1.0062841758952472,0.08280639785215428,-1.8907985261574174,-1.7672862798526667,5.145771314370832,0.0204,0.5671296298016256,150.0,0.000522
1.006282047427162,0.08278357899175627,-1.8911367348918369,-1.7675180911603836,5.135830724269677,0.0204,0.5672685017334106,150.0,0.000522
1.006280907265298,0.08275079243486848,-1.8912903537070005,-1.767674284908733,5.132845240225179,0.0204,0.5672982023108043,150.0,0.000522
1.006280907265298,0.08275079243486848,-1.8912903537070005,-1.767674284908733,5.132845240225179,0.0204,0.5672982023108043,150.0,0.000522
1.0062805758230882,0.08273689579954768,-1.8912914401857968,-1.7676850415027912,5.1393827691827605,0.0204,0.5672811219265951,150.0,0.000522
1.0062796925257378,0.08273686957619175,-1.8912432886248935,-1.767704662514694,5.138433990083098,0.0204,0.567228121441855,150.0,0.000522
1.0062796925257378,0.08273686957619175,-1.8912432886248935,-1.767704662514694,5.138433990083098,0.0204,0.567228121441855,150.0,0.000522
1.0062796925257378,0.08273686957619175,-1.8912432886248935,-1.767704662514694,5.138433990083098,0.0204,0.567228121441855,150.0,0.000522
1.0062796925257378,0.08273686957619175,-1.8912432886248935,-1.767704662514694,5.138433990083098,0.0204,0.567228121441855,150.0,0.000522
1.0062796925257378,0.08273686957619175,-1.8912432886248935,-1.767704662514694,5.138433990083098,0.0204,0.567228121441855,150.0,0.000522
1.0062796817604776,0.08273838140081914,-1.8912417971418045,-1.7676795934078013,5.140070660281267,0.0204,0.5671488791204304,150.0,0.000522
1.0062796817604776,0.08273838140081914,-1.8912417971418045,-1.7676795934078013,5.140070660281267,0.0204,0.5671488791204304,150.0,0.000522
1.006279550377846,0.08273124518971008,-1.891246484856834,-1.7676981277322907,5.138476662563157,0.0204,0.5672054367799902,150.0,0.000522
1.006279444308538,0.08273560954968791,-1.891328523719745,-1.7677736315593142,5.136485928911316,0.0204,0.5672517757093973,150.0,0.000522
1.006279444308538,0.08273560954968791,-1.891328523719745,-1.7677736315593142,5.136485928911316,0.0204,0.5672517757093973,150.0,0.000522
1.006278025481077,0.08268225674083837,-1.8917792244523557,-1.7681164246916252,5.1266490338891195,0.0204,0.5680099838598117,150.0,0.000522
1.006278025481077,0.08268225674083837,-1.8917792244523557,-1.7681164246916252,5.1266490338891195,0.0204,0.5680099838598117,150.0,0.000522
1.006278025481077,0.08268225674083837,-1.8917792244523557,-1.7681164246916252,5.1266490338891195,0.0204,0.5680099838598117,150.0,0.000522
1.006278025481077,0.08268225674083837,-1.8917792244523557,-1.7681164246916252,5.1266490338891195,0.0204,0.5680099838598117,150.0,0.000522
1.006278025481077,0.08268225674083837,-1.8917792244523557,-1.7681164246916252,5.1266490338891195,0.0204,0.5680099838598117,150.0,0.000522
1.006275246806683,0.08262735544958862,-1.8921944921179392,-1.7685738360277437,5.133971649597535,0.0204,0.5676620747917845,150.0,0.000522
1.006275246806683,0.08262735544958862,-1.8921944921179392,-1.7685738360277437,5.133971649597535,0.0204,0.5676620747917845,150.0,0.000522
1.0062728769852167,0.0826601078455858,-1.892958853894114,-1.7689380683094704,5.119428876176198,0.0204,0.5673777349141053,150.0,0.000522
1.006271867834548,0.08252150287988448,-1.8931138104422083,-1.7692301923359752,5.117933617561408,0.0204,0.5674911682530568,150.0,0.000522
1.0062690085222257,0.08258042528598604,-1.894297372480613,-1.769953818245432,5.113335268262341,0.0204,0.5677907417646307,150.0,0.000522
1.0062690085222257,0.08258042528598604,-1.894297372480613,-1.769953818245432,5.113335268262341,0.0204,0.5677907417646307,150.0,0.000522
1.0062690085222257,0.08258042528598604,-1.894297372480613,-1.769953818245432,5.113335268262341,0.0204,0.5677907417646307,150.0,0.000522
1.0062690085222257,0.08258042528598604,-1.894297372480613,-1.769953818245432,5.113335268262341,0.0204,0.5677907417646307,150.0,0.000522
1.0062671326617147,0.08260113812945864,-1.8944553350648645,-1.7702191247887735,5.112646891738096,0.0204,0.5676394002651389,150.0,0.000522
1.006257861875388,0.08232165537755869,-1.8945732845293886,-1.7706855196323275,5.116938767024582,0.0204,0.56756851536098,150.0,0.000522
1.006257861875388,0.08232165537755869,-1.8945732845293886,-1.7706855196323275,5.116938767024582,0.0204,0.56756851536098,150.0,0.000522
1.006257861875388,0.08232165537755869,-1.8945732845293886,-1.7706855196323275,5.116938767024582,0.0204,0.56756851536098,150.0,0.000522
1.006257861875388,0.08232165537755869,-1.8945732845293886,-1.7706855196323275,5.116938767024582,0.0204,0.56756851536098,150.0,0.000522
1.006257861875388,0.08232165537755869,-1.8945732845293886,-1.7706855196323275,5.116938767024582,0.0204,0.56756851536098,150.0,0.000522
1.006257861875388,0.08232165537755869,-1.8945732845293886,-1.7706855196323275,5.116938767024582,0.0204,0.56756851536098,150.0,0.000522
1.0062558695339139,0.08234338919370145,-1.894737763586268,-1.770740878358411,5.116799172305519,0.0204,0.5675546212822739,150.0,0.000522
1.0062558695339139,0.08234338919370145,-1.894737763586268,-1.770740878358411,5.116799172305519,0.0204,0.5675546212822739,150.0,0.000522
1.0062558695339139,0.08234338919370145,-1.894737763586268,-1.770740878358411,5.116799172305519,0.0204,0.5675546212822739,150.0,0.000522
1.0062558695339139,0.08234338919370145,-1.894737763586268,-1.770740878358411,5.116799172305519,0.0204,0.5675546212822739,150.0,0.000522
1.0062558695339139,0.08234338919370145,-1.894737763586268,-1.770740878358411,5.116799172305519,0.0204,0.5675546212822739,150.0,0.000522
1.0062558695339139,0.08234338919370145,-1.894737763586268,-1.770740878358411,5.116799172305519,0.0204,0.5675546212822739,150.0,0.000522
1.006255550426378,0.08237161875092983,-1.8948126108053076,-1.7708041124139757,5.117307156405415,0.0204,0.5673138899401992,150.0,0.000522
1.0062555143469456,0.08237769309701397,-1.894759714871957,-1.7706840389653635,5.117385560219165,0.0204,0.5674292516867493,150.0,0.000522
1.0062555143469456,0.08237769309701397,-1.894759714871957,-1.7706840389653635,5.117385560219165,0.0204,0.5674292516867493,150.0,0.000522
1.0062555143469456,0.08237769309701397,-1.894759714871957,-1.7706840389653635,5.117385560219165,0.0204,0.5674292516867493,150.0,0.000522
1.0062555143469456,0.08237769309701397,-1.894759714871957,-1.7706840389653635,5.117385560219165,0.0204,0.5674292516867493,150.0,0.000522
1.0062530961473393,0.08239450166033864,-1.8951997674983987,-1.7709782280211275,5.114499096298036,0.0204,0.5673955466926416,150.0,0.000522
1.0062530961473393,0.08239450166033864,-1.8951997674983987,-1.7709782280211275,5.114499096298036,0.0204,0.5673955466926416,150.0,0.000522
1.0062526412944872,0.08236959795649713,-1.8951693391969084,-1.7710239743289904,5.110118059367951,0.0204,0.567531083664097,150.0,0.000522
1.0062526412944872,0.08236959795649713,-1.8951693391969084,-1.7710239743289904,5.110118059367951,0.0204,0.567531083664097,150.0,0.000522
1.0062526412944872,0.08236959795649713,-1.8951693391969084,-1.7710239743289904,5.110118059367951,0.0204,0.567531083664097,150.0,0.000522
1.0062526412944872,0.08236959795649713,-1.8951693391969084,-1.7710239743289904,5.110118059367951,0.0204,0.567531083664097,150.0,0.000522
1.0062526412944872,0.08236959795649713,-1.8951693391969084,-1.7710239743289904,5.110118059367951,0.0204,0.567531083664097,150.0,0.000522
1.0062526412944872,0.08236959795649713,-1.8951693391969084,-1.7710239743289904,5.110118059367951,0.0204,0.567531083664097,150.0,0.000522
1.0062526412944872,0.08236959795649713,-1.8951693391969084,-1.7710239743289904,5.110118059367951,0.0204,0.567531083664097,150.0,0.000522
1.0062526412944872,0.08236959795649713,-1.8951693391969084,-1.7710239743289904,5.110118059367951,0.0204,0.567531083664097,150.0,0.000522
1.006252454991386,0.08236095932675767,-1.8951632308149768,-1.7710271827305963,5.1089599121986335,0.0204,0.5677076012785155,150.0,0.000522
1.006252454991386,0.08236095932675767,-1.8951632308149768,-1.7710271827305963,5.1089599121986335,0.0204,0.5677076012785155,150.0,0.000522
1.0062519768085512,0.08235972322697888,-1.895833254275586,-1.7714995102297308,5.1126135159443065,0.0204,0.5676667867734536,150.0,0.000522
1.006251441094958,0.08232961164528321,-1.8960676065496505,-1.7716982891477133,5.115565955994321,0.0204,0.5671836998898235,150.0,0.000522
1.006251441094958,0.08232961164528321,-1.8960676065496505,-1.7716982891477133,5.115565955994321,0.0204,0.5671836998898235,150.0,0.000522
1.006251441094958,0.08232961164528321,-1.8960676065496505,-1.7716982891477133,5.115565955994321,0.0204,0.5671836998898235,150.0,0.000522
1.006251441094958,0.08232961164528321,-1.8960676065496505,-1.7716982891477133,5.115565955994321,0.0204,0.5671836998898235,150.0,0.000522
1.006251441094958,0.08232961164528321,-1.8960676065496505,-1.7716982891477133,5.115565955994321,0.0204,0.5671836998898235,150.0,0.000522
1.006251441094958,0.08232961164528321,-1.8960676065496505,-1.7716982891477133,5.115565955994321,0.0204,0.5671836998898235,150.0,0.000522
1.0062513340458112,0.08232356754666102,-1.8961628736083591,-1.7717750333059468,5.10857163234442,0.0204,0.5670761912980657,150.0,0.000522
1.0062513340458112,0.08232356754666102,-1.8961628736083591,-1.7717750333059468,5.10857163234442,0.0204,0.5670761912980657,150.0,0.000522
1.0062513340458112,0.08232356754666102,-1.8961628736083591,-1.7717750333059468,5.10857163234442,0.0204,0.5670761912980657,150.0,0.000522
1.0062513340458112,0.08232356754666102,-1.8961628736083591,-1.7717750333059468,5.10857163234442,0.0204,0.5670761912980657,150.0,0.000522
1.0062508142116202,0.0823186562917588,-1.8961229712718344,-1.771778090624515,5.115479997946354,0.0204,0.5671691828048763,150.0,0.000522
1.006250306059945,0.08227193096269249,-1.8960805478075498,-1.7717726467984674,5.112396501955674,0.0204,0.5672003352359172,150.0,0.000522
1.0062494407434623,0.08229034591858894,-1.8960756003585912,-1.7717883531583785,5.112715280307957,0.0204,0.56721501156699,150.0,0.000522
1.0062492000126486,0.08227940516382214,-1.8960641816378954,-1.7717888982041965,5.112021152879691,0.0204,0.5672212414120724,150.0,0.000522
1.006249141602977,0.08227393478643873,-1.8960584722775473,-1.7717891707271056,5.111674089165557,0.0204,0.5672243563346137,150.0,0.000522
1.0062491278871792,0.08227119959774702,-1.8960556175973733,-1.7717893069885602,5.111500557308491,0.0204,0.5672259137958843,150.0,0.000522
1.006249124901572,0.08226983200340117,-1.8960541902572863,-1.7717893751192875,5.111413791379958,0.0204,0.5672266925265196,150.0,0.000522
1.0062491278871792,0.08227119959774702,-1.8960556175973733,-1.7717893069885602,5.111500557308491,0.0204,0.5672259137958843,150.0,0.000522
